index,Title
1,탑건: 매버릭
2,마녀(魔女) Part2. The Other One
3,범죄도시2
4,브로커
5,헤어질 결심
6,닥터 스트레인지: 대혼돈의 멀티버스
7,버즈 라이트이어
8,쥬라기 월드: 도미니언
9,토르: 러브 앤 썬더
10,탑건
11,실종
12,그대가 조국
13,니얼굴
14,룸 쉐어링
15,한산: 용의 출현
16,외계+인 1부
17,극장판 윌벤져스 : 수상한 캠핑 대소동
18,두개의 눈
19,미친 능력
20,헌트
21,니 부모 얼굴이 보고 싶다
22,디어 헌터
23,스파이더헤드
24,극장판 포켓몬스터DP: 기라티나와 하늘의 꽃다발 쉐이미
25,더 킬러: 죽어도 되는 아이
26,미니언즈2
27,마녀
28,모어
29,리멤버 미
30,극장판 주술회전 0
31,개들의 도시
32,엘비스
33,뒤틀린 집
34,컴온 컴온
35,아부쟁이
36,고스트랜드
37,카시오페아
38,감동주의보
39,비상선언
40,앵커
41,잭 인 더 박스
42,우스운게 딱! 좋아!
43,신비한 동물들과 덤블도어의 비밀
44,큐브
45,모비우스
46,센티그레이드
47,무쌍
48,경아의 딸
49,기도하는 남자
50,놉
